Name;Label
Nhà Gia Phúc;1
Bất Động Sản Sài Gòn;1
Đất Nhỏ 24h;1
Nhà đất Vũng tàu, Sài Gòn, Bình Dương giá rẻ;1
NT Thổ Cư Thành Phố;1
Đất nền BÀ RỊA;1
Bất Động Sản Phú Mỹ - BRVT;1
Sàn Giao Dịch  Bđs Đồng Nai - Bà Rịa Vũng Tàu;1
An Phước Riverside;1
Đất Nền Trung Tâm Phú Mỹ;1
Đất Nền Long Thành - MinLand;1
Mr Phước _ Homestay, Farmstay Nghĩ Dưỡng;1
Bất Động Sản Đất Nền Nhà Vườn Nghỉ Dưỡng;1
Nhà đất nghỉ dưỡng - làng sinh thái An Khuê;1
Nhà Trọ, Căn Hộ Cao Cấp;1
Căn hộ Gia Đình;1
BĐS BÌNH DƯƠNG;1
Đầu Tư Nhà Đất Bình Thuận;1
Đầu Tư Nhà Đất;1
Thanh Long Bay;1
Tạp Hoá Đất Phan Thiết;1
Land Rover;1
Nhà phố thương mại biển hàng đầu khu vực Đông Nam;1
Đại Cenland - Căn hộ, đất nền nghỉ dưỡng;1
BĐS QUÂN TRANG;1
Nhà Đất Uyên Kim;1
Nhà Phố Sài Thành;1
BĐS Chính Hãng Địa Ốc Xanh Toàn Cầu;1
Nhà Đất Chính Chủ HCM;1
Đất nền Bình Mỹ;1
Newalink;1
Bất Động Sản Thổ Cư Hà Nội;1
Sài Thành Land;1
Đất Đầu Tư Tây Ninh;1
Bất Động Sản Thuận An;1
Bất động sản đất đỏ;1
BĐS-Nam Cường;1
Tuyển dụng CTV Nhà phố Sài Gòn;1
Bất Động Sản Bình Dương - Bình Phước;1
Bất động sản đồng nai;1
Vinhomes Ocean Park-Đầu Tư Biệt Thự,Shop,Shophouse,DVTM;1
Vinhomes Ocean Park-Biệt Thự,Song Lập, Liền Kề,Shophouse;1
The Eco Point - Nhà Vườn Sinh Thái;1
Kỳ Co Shophouse & Villas;1
Bất động sản - Tp đồng xoài - Tỉnh bình phước;1
Đất Nền TP Đồng Xoài;1
Khu Đô Thị Thương Mại Giải Trí Gem Sky World;1
Đầu tư Bất Động Sản;1
Biệt thự Lâu đài-The Lotus Centrer;1
Batdongsanhuongpho.com  0869124288;1
Bất Động Sản Sài Gòn;1
Nhà phố Đẹp giá Tốt;1
Bán Nhà Phố Sài Gòn;1
Happynest - Cộng đồng yêu nhà đẹp;1
BĐS Nhà phố HCM;1
Bất động sản Tuấn 123 - Bất Động Sản hàng đầu Việt Nam;1
Nhà phố Sài Gòn;1
Tuyển Dụng Môi Giới BĐS Nhà Phố Chuyên Nghiệp;1
Việc làm Bán nhà phố rẻ đẹp Sài Gòn;1
Nhân viên kinh doanh Bất động sản Thành phố Hồ Chí Minh;1
Nguyễn Văn Bích - Bất Động Sản Nhà Phố Sài Gòn;1
Bất động sản nhà phố Hồ Chí Minh;1
Nhà phố Sài Gòn chính chủ;1
Nhà Đất Chính Chủ Sài Gòn - Thiên Hà;1
Hội Mua Bán Nhà Đất Khu Vực Phú An, An Tây, An Điền, Bến Cát;1
BDS GÒ VẤP;1
Việc làm Môi giới Bất động sản;1
Chúng Ta Của Sau Này;0
ICON Central;0
Apechomes Hồ Tràm;0
TMS Hotel Quy Nhơn Beach;0
THUẬN VIỆT BÌNH TÂN;0
Cơ Sở Sản Xuất Chả Ram Tôm Đất Xứ Nẫu Food;0
Nguyễn Sự;0
Rigan Hasan;0
Autofunvn - Chuyên USB nghe nhạc trên xe ô tô;0
Đồng Phục - Hương;0
Mỹ Nghệ An Phát;0
Sim Viettel Quang Nhã Bến Tre;0
Công Ty Mỹ Phẩm 22Again;0
Xuất Khẩu Lao Động BLĐTB & XH - Thực Tập Sinh Kỹ Năng Nhật Bản;0
Tăng Thanh Lai Châu;0
BK18 - Nuôi tôm sạch;0
FPT Telecom Hồ Chí Minh;0
TopWar:BattleGame;0
Pocket Knights 2;0
Suất Ăn Công Nghiệp Lê Thanh Sơn;0
Infinity Slots;0
GameK;0
2p.com;0
Dragon Blaze;0
Cooking Fever;0
MU Online;0
LOL Truyền Kỳ;0
Liên Minh Huyền Thoại Mobi;0
Tin Game;0
eCommunity Patch;0
MAAC Vietnam;0
Fpt Arena Multimedia Vietnam;0
Green Academy - Lập Trình Đỉnh Cao CNTT;0
Len2hand ChouChou;0
Trên Đường Pitch;0
Hội hâm mộ Marvel;0
Football Stars? Where are they now?;0
Diễn đàn Barcelona Việt Nam;0
Hồ Sơ Tuyệt Mật;0
Gen Xanh;0
Cơ Hội Cho Ai - Whose Chance;0
Cộng Đồng Designer;0
Bí Mật Showbiz;0
Radio cô đơn;0
Tôi Là Dân Bình Tân;0
Facemaker CongNgo;0
Doanh nhân & Kinh Doanh;0
Vita Dolce Moderato;0
Sky Bad Boy;0
Trần Đại Phát;0
Phạm Văn Tuấn;0
Trần Phương Bắc;0
Nguyễn Quyết Tiến-Minland;0
Eco Golden River;0
Đinh Trọng Tuấn;0
Thu Mua Quần Áo Cũ Hàng Thanh Lý Tồn Kho Giá Cao TPHCM;0
Manchester Utd Fan CLUB in Vietnam;0
Hải Sản Tươi Sống;0
Thư Boutique;0
Shop quà tặng giá rẻ;0
Bóng đá 24h;0
Đồ Ngủ Giá Rẻ _ Gò Vấp;0
Cộng Đồng Long An;0
Thiết Bị HUY HOÀNG company;0
Nhà thuốc Gia Hân;0
K+ Sports;0
Master Car Care;0
Ốc Quỳnh;0
Hội những người Đam Mê Siêu Xe;0
Hội Mê Siêu Xe;0
Maia 1988;0
Triết Lý;0
Shop lucky;0
Tropical Design;0
Chuyên Mỹ Phẩm chất lượng;0
Trung Tâm Đào Tạo Chứng Chỉ ĐKCT Cano Jetski  Du Thuyền Ghe Tàu;0
Yêu ca hát dòng nhạc chữ tình;0
Trần Lan;0
Hathanh mobile;0
Trường mầm non Mường Lai;0
Kem Body Dưỡng Trắng Da Chống Nắng Divaline;0
Mỹ phẩm Colagen;0
Xưởng Phong Thuỷ-Đá Qúy-lộc Thuý;0
Thanh Huyền vitae;0
Đá Qúy - Đá phong Thuỷ;0
Nguyễn Lan;0
Hàng xả kho giá rẻ như cho;0
Giặt thảm tại nhà;0
WIN SHOP LỤC YÊN;0
Việc Làm Part Time - Tuyển Sinh Viên TP.HCM;0
Bất Động Sản Nhà Phố Thành Phố Hồ Chí Minh;1
Việc Làm Part Time TP.HCM;0
Tuyển Dụng Việc Làm Bất Động Sản Tại Thành Phố Hồ Chí Minh;1
Việc Làm Thu Nhập Cao TP.HCM;0
Tuyển dụng bất động sản - Dũng nhà phố;1
Tuyển dụng nhân sự - Tìm việc làm TP.HCM;0
Việc Làm - Việc Làm Thêm Tại Thành Phố Hồ Chí Minh;0
Tuyển Dụng Môi Giới BĐS Nhà Phố Chuyên Nghiệp;1
Việc làm  Bán nhà phố rẻ đẹp Sài Gòn;1
Bất động sản Tuấn 123 - Độc tôn về Thổ cư;1
Nhân viên kinh doanh Bất động sản Thành phố Hồ Chí Minh;1
Nguyễn Văn Bích - Bất Động Sản Nhà Phố Sài Gòn;1
Nhà phố Sài Gòn;1
Bất động sản nhà phố Hồ Chí Minh;1
Nhà phố Sài Gòn chính chủ;1
Nhà Đất Chính Chủ Sài Gòn - Thiên Hà;1
Hội Mua Bán Nhà Đất  Khu Vực Phú An, An Tây, An Điền, Bến Cát;1
BDS GÒ VẤP;1
Nhà Phố Sài Gòn Chính Chủ;1
Việc làm Môi giới Bất động sản;1
Tuyển Dụng Việc Làm Bán Thời Gian TPHCM Tập Đoàn Tuấn 123;1
Chuyên Gia Nhà Đất - Chuyengianhadat.vn;1
Khối Trạng Quỳnh - Bất động sản Tuấn 123;1
Bán nhà Thành phố Hồ Chí Minh;1
Bán Nhà Quận 11 Chính Chủ_Tuấn Thổ Cư;1
Tuyển dụng nhân sự về Thổ cư Sài Gòn;1
TUẤN 123 - Bất động sản nhà phố;1
Siêu Môi Giới - Bất động sản Tuấn 123;1
Bán Nhà Tân Phú Chính Chủ Tuấn Thổ Cư;1
Tuyển dụng - Việc làm TP.HCM;0
Công ty Cổ phần Bất động sản Tuấn 123 Tuyển dụng nhân sự;1
KHỐI TÂM PHÚC Bất động sản Tuấn 123;1
Bất Động Sản Giá Tốt TPHCM;1
NGUỒN NHÀ PHỐ - Chuyên viên Lệ - P. TQ NHÂN;1
Minh Duyên - Bất Động Sản;1
Bất Động Sản Thành Phố Hồ Chí Minh;1
Bất động sản Tuấn 123 - Bất Động Sản hàng đầu Việt Nam;1
BẤT ĐỘNG SẢN - Tự Do;1
Lê Bá Hiển - Chuyên gia Bất động sản;1
Việc Làm Bất Động Sản TP. HCM;1
Hair Saloon Sài Gòn;0
Spa Trị Mụn Hiệu Quả Ở Gò Vấp - Spa Trị Mụn Hiệu Quả Ở Tphcm;0
Trà chanh Phố 8 - Tp Đồng Xoài;0
Đạo Vũng Tàu;0
Độc lạ Bình Dương;0
Tuyển dụng nhân tài Thuận Việt;0
Đàn bà đẹp +;0
Sài Gòn Group;0
Đất Ba Vì- Hòa Lạc;0
CLB Trí tuệ nhân tạo thành phố Hồ Chí Minh;0
thành phố Hồ Chí minh;0